in:Index,img:Output1,img:Output2,img:Output3,img:Output4,out:WWR_Skylight,out:WWR_Skylight_Vertical_Shading_Divided,out:W_Skylight_Vertical_Shading_Divided,out:H_Skylight,out:W_Skylight,out:SH_Skylight,out:Distance_A_Skylight,out:Distance_B_Skylight,out:WWR_Corridor,out:H_Corridor,out:W_Corridor,out:SH_Corridor,out:Distance_A_Corridor,out:Distance_B_Corridor,out:Degree,out:Overhang_Angle,out:Overhang_Length,out:Overhang_Movement_Distance,out:Vertical_Shading_Number,out:Vertical_Shading_Width,out:Vertical_Shading_Length,out:Vertiacl_Shading_Top_Left_Movement_Distance,out:Vertiacl_Shading_Top_Right_Movement_Distance,out:EUI,out:sDA,out:sGA,out:UDI,out:SVF
5,Index_5_Parallel.png,Index_5_Back.png,Index_5_Front.png,Index_5_Top.png,45,40,0.85,1.6,7.6,0.9,0.3,0.0,35,1.6,5.9,1.0,0.3,0.0,0,-70,1.6,0.2,9,0.1,0.3,0.05,0.05,82.202,100.0,85.4938,66.795154,30.955581
10,Index_10_Parallel.png,Index_10_Back.png,Index_10_Front.png,Index_10_Top.png,35,34,1.05,2.2,4.3,0.8,3.4,0.2,10,0.8,3.4,2.0,0.7,2.1,0,-40,1.8,0.0,5,0.02,0.9,0.0,0.0,80.761,54.9383,100.0,77.463457,20.675604
12,Index_12_Parallel.png,Index_12_Back.png,Index_12_Front.png,Index_12_Top.png,65,58,0.85,2.3,7.6,0.7,0.2,0.1,10,0.8,3.4,2.0,1.9,0.9,0,-80,1.2,0.1,9,0.1,0.8,0.05,0.0,80.933,98.7654,92.284,76.801574,22.88995
25,Index_25_Parallel.png,Index_25_Back.png,Index_25_Front.png,Index_25_Top.png,70,38,0.82,2.5,7.6,0.5,0.1,0.2,15,1.1,3.7,0.9,1.9,0.6,0,-40,1.8,0.4,6,0.7,0.5,0.55,0.15,82.647,100.0,94.1358,77.078889,34.042865
33,Index_33_Parallel.png,Index_33_Back.png,Index_33_Front.png,Index_33_Top.png,55,34,1.6,1.9,7.8,0.9,0.1,0.0,40,1.8,6.0,0.9,0.0,0.2,0,-80,2.0,0.1,4,1.0,1.0,0.0,0.15,83.162,100.0,87.03699999999999,70.061852,24.765524
35,Index_35_Parallel.png,Index_35_Back.png,Index_35_Front.png,Index_35_Top.png,40,40,1.03,2.6,4.2,0.4,0.9,2.8,20,0.9,6.0,0.8,0.1,0.1,0,-80,2.0,0.1,5,0.02,0.1,0.0,0.0,82.339,100.0,83.3333,70.7375,41.412801
43,Index_43_Parallel.png,Index_43_Back.png,Index_43_Front.png,Index_43_Top.png,50,47,1.93,2.2,6.1,0.8,0.2,1.6,30,1.4,5.8,0.8,0.0,0.4,0,-80,1.8,0.3,4,0.1,0.1,0.05,0.05,84.156,100.0,76.5432,58.578549,39.057547
65,Index_65_Parallel.png,Index_65_Back.png,Index_65_Front.png,Index_65_Top.png,30,30,0.95,1.2,6.8,0.8,0.0,1.1,10,0.7,3.9,2.0,1.3,1.0,0,-80,2.0,0.4,8,0.02,1.0,0.0,0.0,80.898,38.8889,98.1481,77.692747,18.440281
69,Index_69_Parallel.png,Index_69_Back.png,Index_69_Front.png,Index_69_Top.png,30,29,0.98,2.0,4.0,0.9,3.0,0.9,30,1.4,5.8,0.8,0.3,0.1,0,-60,1.7,0.5,5,0.02,0.2,0.0,0.0,82.133,100.0,84.8765,71.000432,32.918164
81,Index_81_Parallel.png,Index_81_Back.png,Index_81_Front.png,Index_81_Top.png,50,31,0.8,2.6,5.2,0.4,2.0,0.7,15,0.7,5.8,2.0,0.3,0.1,0,-80,1.6,0.8,5,0.5,0.1,0.2,0.2,81.276,95.9877,93.8272,77.863086,36.236378
83,Index_83_Parallel.png,Index_83_Back.png,Index_83_Front.png,Index_83_Top.png,70,70,7.28,2.6,7.3,0.4,0.0,0.6,40,1.8,6.0,1.0,0.0,0.2,0,-80,2.0,0.1,2,0.02,0.1,0.0,0.0,85.528,100.0,65.1235,40.387963,38.153574
87,Index_87_Parallel.png,Index_87_Back.png,Index_87_Front.png,Index_87_Top.png,65,58,0.85,2.3,7.6,0.7,0.0,0.3,25,1.1,6.1,1.0,0.1,0.0,0,-60,1.8,0.0,9,0.1,0.2,0.05,0.05,82.545,100.0,78.0864,58.797407,38.274005
96,Index_96_Parallel.png,Index_96_Back.png,Index_96_Front.png,Index_96_Top.png,40,36,0.97,2.5,4.3,0.5,0.6,3.0,10,0.8,3.4,2.0,1.2,1.6,0,-80,1.2,0.6,5,0.1,0.3,0.05,0.05,81.207,90.7407,94.7531,77.18071,35.776656
97,Index_97_Parallel.png,Index_97_Back.png,Index_97_Front.png,Index_97_Top.png,60,43,2.5,2.3,7.0,0.7,0.0,0.9,10,0.6,4.5,2.0,1.2,0.5,0,-50,2.0,0.6,3,1.0,0.1,0.4,0.4,82.956,100.0,91.6667,74.89321,38.611917
99,Index_99_Parallel.png,Index_99_Back.png,Index_99_Front.png,Index_99_Top.png,45,40,1.63,2.2,5.5,0.8,1.7,0.7,40,1.8,6.0,1.0,0.1,0.1,0,-60,1.4,0.4,4,0.2,0.1,0.0,0.2,84.019,100.0,82.4074,60.863858,32.892348
118,Index_118_Parallel.png,Index_118_Back.png,Index_118_Front.png,Index_118_Top.png,40,33,0.88,2.0,5.4,0.8,0.6,1.9,25,2.0,3.4,0.9,0.8,2.0,0,-60,1.2,0.2,6,0.2,0.8,0.1,0.1,82.099,98.7654,94.1358,76.63963,22.96766
120,Index_120_Parallel.png,Index_120_Back.png,Index_120_Front.png,Index_120_Top.png,65,35,0.82,2.3,7.6,0.7,0.0,0.3,10,0.8,3.4,2.0,1.2,1.6,0,-80,1.8,0.1,6,0.7,0.2,0.05,0.6,82.476,94.4444,92.284,77.722747,39.753409
126,Index_126_Parallel.png,Index_126_Back.png,Index_126_Front.png,Index_126_Top.png,40,37,0.95,2.6,4.2,0.4,0.9,2.8,10,0.7,3.9,2.0,1.9,0.4,0,-80,1.7,0.7,5,0.1,0.2,0.05,0.05,81.344,94.1358,94.1358,77.09642,38.597116
127,Index_127_Parallel.png,Index_127_Back.png,Index_127_Front.png,Index_127_Top.png,60,37,1.9,2.6,6.2,0.4,1.2,0.5,10,0.6,4.5,2.0,0.5,1.2,0,-50,1.2,0.1,3,1.2,0.3,0.4,0.0,82.51,95.3704,94.4444,77.572623,38.010165
128,Index_128_Parallel.png,Index_128_Back.png,Index_128_Front.png,Index_128_Top.png,30,29,0.98,2.0,4.0,1.0,0.0,3.9,40,2.0,5.4,1.0,0.3,0.5,0,-80,2.0,0.1,5,0.02,1.0,0.0,0.0,81.962,100.0,95.0617,75.213642,18.695286
141,Index_141_Parallel.png,Index_141_Back.png,Index_141_Front.png,Index_141_Top.png,30,29,0.98,2.0,4.0,1.0,0.0,3.9,40,2.0,5.4,1.0,0.3,0.5,0,-80,1.9,0.1,5,0.02,1.0,0.0,0.0,81.962,100.0,94.1358,75.224167,18.695286
142,Index_142_Parallel.png,Index_142_Back.png,Index_142_Front.png,Index_142_Top.png,30,29,0.98,2.0,4.0,1.0,0.1,3.8,40,1.9,5.7,0.9,0.0,0.5,0,-70,2.0,0.1,5,0.02,1.0,0.0,0.0,81.996,100.0,91.358,73.746574,20.101904
143,Index_143_Parallel.png,Index_143_Back.png,Index_143_Front.png,Index_143_Top.png,40,33,0.85,2.6,4.2,0.4,0.0,3.7,40,2.0,5.4,1.0,0.8,0.0,0,-80,2.0,0.1,5,0.2,1.0,0.1,0.1,81.996,100.0,92.5926,73.877407,19.3852
145,Index_145_Parallel.png,Index_145_Back.png,Index_145_Front.png,Index_145_Top.png,70,48,0.87,2.5,7.6,0.5,0.1,0.2,10,0.8,3.4,2.0,1.5,1.3,0,-80,0.9,0.0,7,0.4,0.4,0.2,0.2,82.956,100.0,91.6667,75.210154,37.242678
150,Index_150_Parallel.png,Index_150_Back.png,Index_150_Front.png,Index_150_Top.png,60,49,0.9,2.1,7.7,0.9,0.2,0.0,35,1.6,5.9,0.9,0.2,0.1,0,-40,1.7,0.1,8,0.2,0.7,0.1,0.1,82.956,100.0,91.0494,65.858457,25.743555
175,Index_175_Parallel.png,Index_175_Back.png,Index_175_Front.png,Index_175_Top.png,35,30,1.23,2.2,4.3,0.8,1.6,2.0,30,2.0,4.0,0.8,0.6,1.6,0,-60,1.9,0.0,4,0.2,0.4,0.05,0.1,82.75,100.0,88.8889,73.16429,29.697661
186,Index_186_Parallel.png,Index_186_Back.png,Index_186_Front.png,Index_186_Top.png,50,31,0.8,2.6,5.2,0.4,2.0,0.7,10,0.6,4.5,2.0,0.2,1.5,0,-80,1.9,0.5,5,0.5,0.1,0.1,0.2,81.173,88.27159999999999,94.1358,77.806667,39.64681
187,Index_187_Parallel.png,Index_187_Back.png,Index_187_Front.png,Index_187_Top.png,40,31,1.6,2.6,4.2,0.4,1.0,2.7,10,0.6,4.5,2.0,1.2,0.5,0,-80,2.0,0.3,3,0.5,0.1,0.0,0.4,82.442,90.4321,95.0617,77.634321,39.623756
196,Index_196_Parallel.png,Index_196_Back.png,Index_196_Front.png,Index_196_Top.png,55,54,2.58,1.9,7.8,0.9,0.1,0.0,35,1.6,5.9,0.8,0.0,0.3,0,-60,1.5,0.1,4,0.02,0.7,0.0,0.0,83.951,100.0,73.1481,53.922963,31.9658
205,Index_205_Parallel.png,Index_205_Back.png,Index_205_Front.png,Index_205_Top.png,50,47,4.9,2.6,5.2,0.4,1.3,1.4,10,0.8,3.4,2.0,1.9,0.9,0,-60,0.6,0.0,2,0.3,0.9,0.1,0.2,82.647,100.0,91.0494,74.722747,38.126849
209,Index_209_Parallel.png,Index_209_Back.png,Index_209_Front.png,Index_209_Top.png,65,44,0.87,2.3,7.6,0.7,0.1,0.2,25,2.0,3.4,1.0,1.7,1.1,0,-80,1.9,0.1,7,0.4,0.2,0.2,0.2,83.608,100.0,85.80250000000001,69.418549,35.738092
210,Index_210_Parallel.png,Index_210_Back.png,Index_210_Front.png,Index_210_Top.png,60,54,0.86,2.1,7.7,0.9,0.1,0.1,35,1.6,5.9,1.0,0.0,0.3,0,-40,1.6,0.0,9,0.1,0.8,0.0,0.1,81.996,100.0,94.4444,68.337191,22.409339
213,Index_213_Parallel.png,Index_213_Back.png,Index_213_Front.png,Index_213_Top.png,35,30,2.05,2.0,4.7,0.9,1.5,1.7,10,0.8,3.4,2.0,1.8,1.0,0,-80,1.9,0.0,3,0.3,0.1,0.15,0.15,82.476,91.6667,93.5185,77.013519,40.473971
216,Index_216_Parallel.png,Index_216_Back.png,Index_216_Front.png,Index_216_Top.png,50,31,1.1,2.5,5.4,0.5,2.2,0.3,10,0.7,3.9,2.0,1.3,1.0,0,-80,1.6,0.7,4,0.7,0.1,0.3,0.4,82.373,87.65429999999999,93.8272,77.529012,39.856034
217,Index_217_Parallel.png,Index_217_Back.png,Index_217_Front.png,Index_217_Top.png,60,48,0.83,2.6,6.2,0.4,1.2,0.5,10,0.6,4.5,2.0,1.2,0.5,0,-80,2.0,0.3,7,0.2,0.1,0.05,0.0,83.059,100.0,89.5062,73.993364,42.42144
219,Index_219_Parallel.png,Index_219_Back.png,Index_219_Front.png,Index_219_Top.png,35,30,3.7,2.2,4.3,0.8,0.2,3.4,20,1.5,3.6,1.0,1.2,1.4,0,-80,1.3,0.1,2,0.6,0.9,0.25,0.2,82.545,99.0741,91.6667,75.748735,33.349332
235,Index_235_Parallel.png,Index_235_Back.png,Index_235_Front.png,Index_235_Top.png,50,44,2.4,2.5,5.4,0.5,1.3,1.2,25,1.9,3.6,0.9,1.1,1.5,0,-40,1.3,0.0,3,0.3,0.1,0.0,0.15,83.402,100.0,86.72840000000001,69.151358,36.480077
243,Index_243_Parallel.png,Index_243_Back.png,Index_243_Front.png,Index_243_Top.png,60,59,0.94,2.1,7.7,0.9,0.0,0.2,15,0.7,5.8,2.0,0.0,0.4,0,-80,1.9,0.1,9,0.02,1.0,0.0,0.0,81.07,99.6914,92.284,77.219568,19.456083
244,Index_244_Parallel.png,Index_244_Back.png,Index_244_Front.png,Index_244_Top.png,65,64,1.5,2.3,7.6,0.7,0.3,0.0,10,0.8,3.4,2.0,2.8,0.0,0,-80,1.3,0.0,6,0.02,1.0,0.0,0.0,82.579,100.0,87.03699999999999,72.64679,26.477531
245,Index_245_Parallel.png,Index_245_Back.png,Index_245_Front.png,Index_245_Top.png,40,33,0.93,2.4,4.5,0.6,0.4,3.0,10,0.8,3.4,2.0,2.3,0.5,0,-80,1.8,0.8,5,0.2,0.4,0.0,0.0,80.933,74.6914,95.679,77.972747,30.121408
251,Index_251_Parallel.png,Index_251_Back.png,Index_251_Front.png,Index_251_Top.png,70,45,1.63,2.5,7.6,0.5,0.2,0.1,35,1.6,5.9,0.8,0.1,0.2,0,-80,1.5,0.2,4,0.9,0.6,0.05,0.75,84.088,100.0,79.0123,61.481204,33.49491
266,Index_266_Parallel.png,Index_266_Back.png,Index_266_Front.png,Index_266_Top.png,60,32,1.02,2.1,7.7,0.8,0.2,0.0,15,1.2,3.4,0.9,2.5,0.3,0,-50,1.1,0.0,5,0.9,0.9,0.05,0.05,80.624,94.7531,96.6049,78.803981,25.009299
301,Index_301_Parallel.png,Index_301_Back.png,Index_301_Front.png,Index_301_Top.png,30,30,1.11,1.2,6.8,0.8,0.4,0.7,35,1.6,5.9,0.9,0.0,0.3,0,-80,1.7,0.7,7,0.02,0.3,0.0,0.0,82.888,100.0,83.3333,70.171358,29.861102
306,Index_306_Parallel.png,Index_306_Back.png,Index_306_Front.png,Index_306_Top.png,45,32,1.65,2.6,4.7,0.4,1.3,1.9,10,0.6,4.5,2.0,0.6,1.1,0,-80,1.5,0.6,3,0.7,0.2,0.3,0.2,82.03,91.9753,94.7531,77.715093,39.51349
307,Index_307_Parallel.png,Index_307_Back.png,Index_307_Front.png,Index_307_Top.png,40,31,1.6,2.6,4.2,0.4,1.0,2.7,10,0.6,4.5,2.0,1.0,0.7,0,-80,1.5,0.3,3,0.5,0.3,0.0,0.4,82.03,87.34570000000001,95.0617,77.827685,37.255297
308,Index_308_Parallel.png,Index_308_Back.png,Index_308_Front.png,Index_308_Top.png,70,69,0.89,2.6,7.3,0.4,0.0,0.6,40,1.8,6.0,0.8,0.0,0.2,0,-80,2.0,0.1,9,0.02,0.1,0.0,0.0,83.711,100.0,65.1235,40.304012,38.279233
309,Index_309_Parallel.png,Index_309_Back.png,Index_309_Front.png,Index_309_Top.png,40,33,0.85,2.6,4.2,0.4,2.4,1.3,15,1.2,3.4,0.8,0.0,2.8,0,-20,1.5,0.1,5,0.2,0.1,0.1,0.1,81.619,96.6049,91.358,75.345185,37.0989
313,Index_313_Parallel.png,Index_313_Back.png,Index_313_Front.png,Index_313_Top.png,60,49,1.93,2.3,7.0,0.7,0.0,0.9,25,1.1,6.1,1.0,0.1,0.0,0,-60,1.6,0.1,4,0.4,0.9,0.15,0.05,83.265,100.0,84.25930000000001,68.447253,30.919141
321,Index_321_Parallel.png,Index_321_Back.png,Index_321_Front.png,Index_321_Top.png,55,54,1.1,2.2,6.7,0.8,0.3,0.9,10,0.8,3.4,2.0,2.5,0.3,0,-60,1.1,0.0,7,0.02,1.0,0.0,0.0,81.824,96.9136,93.2099,77.220062,21.813765
323,Index_323_Parallel.png,Index_323_Back.png,Index_323_Front.png,Index_323_Top.png,70,59,6.4,2.5,7.6,0.5,0.3,0.0,25,1.1,6.1,0.8,0.0,0.1,0,-50,1.3,0.0,2,1.2,0.7,0.95,0.05,84.294,100.0,73.7654,56.276667,39.534702
351,Index_351_Parallel.png,Index_351_Back.png,Index_351_Front.png,Index_351_Top.png,45,31,1.65,2.5,4.9,0.5,1.6,1.4,10,0.8,3.4,2.0,1.2,1.6,0,-80,1.7,0.4,3,0.8,0.1,0.15,0.4,82.236,88.27159999999999,94.4444,77.652469,40.259398
352,Index_352_Parallel.png,Index_352_Back.png,Index_352_Front.png,Index_352_Top.png,60,37,1.9,2.6,6.2,0.4,1.2,0.5,10,0.6,4.5,2.0,0.6,1.1,0,-80,2.0,0.3,3,1.2,0.1,0.3,0.0,82.75,96.9136,93.5185,77.046605,40.959352
364,Index_364_Parallel.png,Index_364_Back.png,Index_364_Front.png,Index_364_Top.png,35,32,6.6,1.3,7.3,0.8,0.6,0.0,10,0.6,4.5,2.0,1.2,0.5,0,-80,1.7,0.0,2,0.7,0.1,0.0,0.45,82.51,90.1235,91.6667,75.29142,40.165005
366,Index_366_Parallel.png,Index_366_Back.png,Index_366_Front.png,Index_366_Top.png,40,33,0.97,2.3,4.7,0.7,1.5,1.7,10,0.6,4.5,2.0,0.7,1.0,0,-80,1.5,0.5,5,0.2,0.1,0.05,0.0,81.481,94.1358,94.1358,76.888981,39.861565
367,Index_367_Parallel.png,Index_367_Back.png,Index_367_Front.png,Index_367_Top.png,40,31,1.6,2.6,4.2,0.4,1.0,2.7,10,0.6,4.5,2.0,0.2,1.5,0,-80,1.6,0.3,3,0.5,0.1,0.0,0.05,82.167,89.19749999999999,95.0617,77.687963,39.801521
372,Index_372_Parallel.png,Index_372_Back.png,Index_372_Front.png,Index_372_Top.png,40,33,0.85,2.6,4.2,0.4,1.4,2.3,10,0.8,3.4,2.0,2.4,0.4,0,-30,1.2,0.0,5,0.2,0.4,0.1,0.1,81.139,83.3333,97.5309,78.319444,31.575161
381,Index_381_Parallel.png,Index_381_Back.png,Index_381_Front.png,Index_381_Top.png,50,36,0.82,2.4,5.6,0.6,1.8,0.5,20,1.5,3.6,1.0,0.6,2.0,0,-80,1.2,0.2,6,0.3,0.7,0.15,0.15,82.373,97.8395,95.3704,76.858364,27.447905
382,Index_382_Parallel.png,Index_382_Back.png,Index_382_Front.png,Index_382_Top.png,70,37,1.33,2.5,7.6,0.5,0.3,0.0,10,0.8,3.4,2.0,0.4,2.4,0,-80,1.5,0.0,4,1.2,1.0,1.05,0.15,82.373,91.0494,96.2963,78.585216,32.341076
385,Index_385_Parallel.png,Index_385_Back.png,Index_385_Front.png,Index_385_Top.png,45,32,1.2,2.4,5.1,0.6,0.5,2.3,25,1.7,4.0,1.0,1.1,1.1,0,-40,1.2,0.1,4,0.5,1.0,0.3,0.0,81.996,99.3827,96.6049,77.479012,23.662552
393,Index_393_Parallel.png,Index_393_Back.png,Index_393_Front.png,Index_393_Top.png,30,29,0.98,2.0,4.0,0.8,0.2,3.7,10,0.8,3.4,2.0,1.9,0.9,0,-70,1.8,0.0,5,0.02,1.0,0.0,0.0,80.727,45.0617,99.0741,77.224568,19.224811
398,Index_398_Parallel.png,Index_398_Back.png,Index_398_Front.png,Index_398_Top.png,30,30,6.78,1.2,6.8,1.0,0.0,1.1,10,0.6,4.5,2.0,1.2,0.5,0,-80,2.0,0.0,2,0.02,1.0,0.0,0.0,82.133,86.72840000000001,91.9753,77.473858,35.711639
401,Index_401_Parallel.png,Index_401_Back.png,Index_401_Front.png,Index_401_Top.png,65,64,1.07,2.3,7.6,0.7,0.3,0.0,40,1.8,6.0,0.8,0.2,0.0,0,-50,1.7,0.4,8,0.02,0.5,0.0,0.0,83.882,100.0,73.7654,50.951821,27.905819
411,Index_411_Parallel.png,Index_411_Back.png,Index_411_Front.png,Index_411_Top.png,30,30,6.78,1.2,6.8,1.0,0.0,1.1,10,0.6,4.5,2.0,1.2,0.5,0,-80,2.0,0.0,2,0.02,0.8,0.0,0.0,82.236,87.65429999999999,91.9753,77.388117,36.527312
412,Index_412_Parallel.png,Index_412_Back.png,Index_412_Front.png,Index_412_Top.png,30,30,6.78,1.2,6.8,1.0,0.0,1.1,10,0.6,4.5,2.0,1.2,0.5,0,-80,2.0,0.0,2,0.02,1.0,0.0,0.0,82.133,87.96300000000001,92.284,77.507654,35.711639
413,Index_413_Parallel.png,Index_413_Back.png,Index_413_Front.png,Index_413_Top.png,30,30,6.78,1.2,6.8,0.9,0.0,1.1,10,0.6,4.5,2.0,1.2,0.5,0,-80,2.0,0.0,2,0.02,1.0,0.0,0.0,82.099,87.03699999999999,92.284,76.619105,35.12459
419,Index_419_Parallel.png,Index_419_Back.png,Index_419_Front.png,Index_419_Top.png,35,32,0.97,2.2,4.3,0.8,0.6,3.0,25,1.1,6.1,0.8,0.1,0.0,0,-50,1.3,0.0,5,0.1,0.3,0.0,0.1,81.962,100.0,85.18520000000001,71.631327,33.986653
424,Index_424_Parallel.png,Index_424_Back.png,Index_424_Front.png,Index_424_Top.png,30,29,0.98,2.0,4.0,1.0,1.6,2.3,10,0.8,3.4,2.0,1.1,1.7,0,-40,2.0,0.0,5,0.02,0.9,0.0,0.0,80.727,45.679,100.0,78.904167,19.42592
428,Index_428_Parallel.png,Index_428_Back.png,Index_428_Front.png,Index_428_Top.png,70,70,7.58,2.5,7.6,0.5,0.0,0.3,10,0.6,4.5,2.0,1.4,0.3,0,-80,2.0,0.0,2,0.02,1.0,0.0,0.0,84.053,100.0,79.9383,64.99392,39.997262
436,Index_436_Parallel.png,Index_436_Back.png,Index_436_Front.png,Index_436_Top.png,55,54,7.0,2.1,7.1,0.9,0.0,0.8,40,1.8,6.0,0.9,0.1,0.1,0,-60,1.6,0.0,2,0.1,0.9,0.0,0.05,84.465,100.0,69.7531,47.968302,32.758357
438,Index_438_Parallel.png,Index_438_Back.png,Index_438_Front.png,Index_438_Top.png,70,57,0.89,2.5,7.6,0.5,0.0,0.3,10,0.8,3.4,2.0,1.7,1.1,0,-40,1.4,0.1,8,0.2,0.2,0.1,0.1,83.368,100.0,87.65429999999999,71.043765,39.827405
446,Index_446_Parallel.png,Index_446_Back.png,Index_446_Front.png,Index_446_Top.png,65,60,7.1,2.3,7.6,0.7,0.2,0.1,15,1.2,3.4,0.8,0.8,2.0,0,-50,1.3,0.2,2,0.5,0.8,0.4,0.1,83.813,100.0,78.3951,63.153642,40.616255
453,Index_453_Parallel.png,Index_453_Back.png,Index_453_Front.png,Index_453_Top.png,65,64,6.9,2.5,7.0,0.5,0.5,0.4,10,0.8,3.4,2.0,1.9,0.9,0,-70,1.8,0.0,2,0.1,0.1,0.05,0.05,84.122,100.0,81.4815,66.836636,44.429307
456,Index_456_Parallel.png,Index_456_Back.png,Index_456_Front.png,Index_456_Top.png,50,32,0.86,2.0,6.8,1.0,0.0,1.1,10,0.8,3.4,2.0,1.1,1.7,0,-80,1.8,0.3,6,0.5,0.1,0.25,0.25,82.476,93.5185,92.284,78.186296,40.289361
466,Index_466_Parallel.png,Index_466_Back.png,Index_466_Front.png,Index_466_Top.png,30,29,0.98,2.0,4.0,0.9,2.8,1.1,35,1.6,5.9,1.0,0.1,0.2,0,-60,1.4,0.2,5,0.02,0.4,0.0,0.0,82.133,100.0,90.4321,73.238673,26.603952
468,Index_468_Parallel.png,Index_468_Back.png,Index_468_Front.png,Index_468_Top.png,30,29,0.98,2.0,4.0,0.9,0.8,3.1,10,0.6,4.5,2.0,0.0,1.7,0,-80,1.4,0.4,5,0.02,1.0,0.0,0.0,80.693,46.2963,99.0741,78.06929,19.703649
485,Index_485_Parallel.png,Index_485_Back.png,Index_485_Front.png,Index_485_Top.png,60,51,6.5,2.1,7.7,0.8,0.0,0.2,10,0.8,3.4,2.0,1.8,1.0,0,-80,1.5,0.1,2,1.2,0.1,0.9,0.3,83.539,100.0,85.18520000000001,70.70287,43.440246
502,Index_502_Parallel.png,Index_502_Back.png,Index_502_Front.png,Index_502_Top.png,55,34,1.9,2.4,6.2,0.6,0.0,1.7,10,0.8,3.4,2.0,2.1,0.7,0,-80,0.7,0.0,3,1.2,1.0,1.2,0.0,82.133,87.65429999999999,95.679,78.037593,32.699591
506,Index_506_Parallel.png,Index_506_Back.png,Index_506_Front.png,Index_506_Top.png,55,47,2.45,2.6,5.7,0.4,0.0,2.2,15,0.7,5.8,2.0,0.3,0.1,0,-80,1.7,0.2,3,0.4,0.6,0.35,0.05,82.922,100.0,90.4321,74.41142,35.352206
514,Index_514_Parallel.png,Index_514_Back.png,Index_514_Front.png,Index_514_Top.png,30,29,0.98,2.0,4.0,0.8,1.2,2.7,35,1.7,5.6,1.0,0.6,0.0,0,-60,1.8,0.6,5,0.02,0.1,0.0,0.0,82.407,100.0,88.58019999999999,71.469568,30.869384
521,Index_521_Parallel.png,Index_521_Back.png,Index_521_Front.png,Index_521_Top.png,50,49,1.05,1.8,7.5,1.0,0.4,0.0,40,1.9,5.7,1.0,0.0,0.5,0,-50,1.5,0.0,8,0.02,0.4,0.0,0.0,83.402,100.0,83.9506,60.933302,27.304075
522,Index_522_Parallel.png,Index_522_Back.png,Index_522_Front.png,Index_522_Top.png,60,41,2.65,2.1,7.7,0.8,0.1,0.1,30,1.4,5.8,0.8,0.0,0.4,0,-70,2.0,0.7,3,1.2,0.9,0.3,0.2,83.436,100.0,83.0247,66.327346,33.159415
535,Index_535_Parallel.png,Index_535_Back.png,Index_535_Front.png,Index_535_Top.png,65,60,1.17,2.3,7.6,0.7,0.3,0.0,20,0.9,6.0,0.9,0.0,0.2,0,-50,1.8,0.3,7,0.1,0.5,0.05,0.05,83.402,100.0,79.321,64.815123,32.822256
540,Index_540_Parallel.png,Index_540_Back.png,Index_540_Front.png,Index_540_Top.png,50,34,1.9,2.4,5.6,0.6,1.9,0.4,35,1.8,5.2,0.8,0.1,0.9,0,-70,2.0,0.1,3,0.9,0.8,0.15,0.2,83.23,100.0,86.72840000000001,69.834691,29.184337
563,Index_563_Parallel.png,Index_563_Back.png,Index_563_Front.png,Index_563_Top.png,70,63,0.85,2.5,7.6,0.5,0.0,0.3,10,0.8,3.4,2.0,0.0,2.8,0,-80,2.0,0.1,9,0.1,1.0,0.0,0.0,80.727,96.6049,95.679,77.926111,18.939609
574,Index_574_Parallel.png,Index_574_Back.png,Index_574_Front.png,Index_574_Top.png,70,65,7.0,2.5,7.6,0.5,0.2,0.1,10,0.8,3.4,2.0,1.3,1.5,0,-80,1.3,0.0,2,0.6,0.1,0.0,0.0,84.225,100.0,81.1728,66.446111,44.537371
576,Index_576_Parallel.png,Index_576_Back.png,Index_576_Front.png,Index_576_Top.png,70,57,0.89,2.5,7.6,0.5,0.0,0.3,10,0.8,3.4,2.0,0.0,2.8,0,-80,2.0,0.1,8,0.2,0.8,0.0,0.0,82.03,96.9136,95.3704,77.895,21.837094
577,Index_577_Parallel.png,Index_577_Back.png,Index_577_Front.png,Index_577_Top.png,70,63,0.85,2.5,7.6,0.5,0.0,0.3,10,0.8,3.4,2.0,0.0,2.8,0,-80,2.0,0.1,9,0.1,1.0,0.05,0.0,80.761,97.8395,94.7531,77.606358,19.894778
584,Index_584_Parallel.png,Index_584_Back.png,Index_584_Front.png,Index_584_Top.png,55,45,0.88,2.3,6.5,0.7,1.3,0.1,30,1.4,5.8,1.0,0.3,0.1,0,-60,1.7,0.1,7,0.2,0.3,0.1,0.1,83.436,100.0,83.3333,65.794352,34.029476
591,Index_591_Parallel.png,Index_591_Back.png,Index_591_Front.png,Index_591_Top.png,40,40,1.03,2.6,4.2,0.4,0.9,2.8,10,0.7,3.9,2.0,2.1,0.2,0,-80,1.5,0.6,5,0.02,0.2,0.0,0.0,81.413,95.9877,93.2099,76.757963,37.544032
592,Index_592_Parallel.png,Index_592_Back.png,Index_592_Front.png,Index_592_Top.png,60,48,0.83,2.6,6.2,0.4,1.2,0.5,10,0.6,4.5,2.0,0.2,1.5,0,-80,2.0,0.7,7,0.2,0.1,0.0,0.05,82.99,100.0,89.5062,73.848457,42.553714
593,Index_593_Parallel.png,Index_593_Back.png,Index_593_Front.png,Index_593_Top.png,70,63,0.85,2.5,7.6,0.5,0.0,0.3,10,0.8,3.4,2.0,2.2,0.6,0,-80,2.0,0.0,9,0.1,0.1,0.0,0.0,82.133,100.0,83.0247,68.386605,44.214329
595,Index_595_Parallel.png,Index_595_Back.png,Index_595_Front.png,Index_595_Top.png,70,63,6.8,2.5,7.6,0.5,0.0,0.3,15,0.9,4.5,0.8,0.1,1.6,0,-80,1.9,0.8,2,0.8,0.9,0.35,0.45,84.053,100.0,75.3086,61.730988,42.526747
599,Index_599_Parallel.png,Index_599_Back.png,Index_599_Front.png,Index_599_Top.png,40,32,0.88,2.5,4.3,0.5,0.0,3.6,25,1.1,6.1,0.8,0.0,0.1,0,-40,1.2,0.2,5,0.2,0.4,0.1,0.1,81.824,100.0,87.03699999999999,72.424414,32.385825
604,Index_604_Parallel.png,Index_604_Back.png,Index_604_Front.png,Index_604_Top.png,35,34,1.06,2.2,4.3,0.8,2.5,1.1,15,0.7,5.8,2.0,0.1,0.3,0,-70,2.0,0.0,5,0.02,0.8,0.0,0.0,81.139,82.4074,96.2963,78.295802,21.765163
605,Index_605_Parallel.png,Index_605_Back.png,Index_605_Front.png,Index_605_Top.png,30,29,0.98,2.0,4.0,0.9,1.2,2.7,10,0.8,3.4,2.0,1.8,1.0,0,-70,1.3,0.0,5,0.02,0.9,0.0,0.0,80.761,48.4568,99.0741,78.088765,20.76582
610,Index_610_Parallel.png,Index_610_Back.png,Index_610_Front.png,Index_610_Top.png,60,36,0.88,2.2,7.4,0.8,0.0,0.5,25,1.2,5.6,0.9,0.6,0.0,0,-60,1.6,0.3,6,0.6,0.1,0.3,0.3,83.23,100.0,83.3333,70.253086,37.828991
626,Index_626_Parallel.png,Index_626_Back.png,Index_626_Front.png,Index_626_Top.png,45,33,0.8,2.2,5.5,0.8,2.3,0.1,35,2.0,4.7,0.8,1.0,0.5,0,-70,1.8,0.8,6,0.3,0.3,0.05,0.0,82.75,100.0,87.34570000000001,71.026389,28.823023
629,Index_629_Parallel.png,Index_629_Back.png,Index_629_Front.png,Index_629_Top.png,55,44,0.83,2.4,6.2,0.6,0.3,1.4,30,1.4,5.8,1.0,0.3,0.1,0,-60,1.2,0.1,7,0.2,0.7,0.15,0.05,82.716,100.0,88.8889,71.775432,26.112301
640,Index_640_Parallel.png,Index_640_Back.png,Index_640_Front.png,Index_640_Top.png,30,30,2.13,1.9,4.3,0.9,3.4,0.2,15,1.2,3.4,0.8,1.1,1.7,0,-70,1.8,0.3,3,0.02,0.1,0.0,0.0,82.545,96.2963,88.27159999999999,74.163827,40.678819
643,Index_643_Parallel.png,Index_643_Back.png,Index_643_Front.png,Index_643_Top.png,50,41,0.87,1.8,7.5,0.9,0.1,0.3,40,1.8,6.0,1.0,0.1,0.1,0,-50,1.9,0.5,8,0.2,0.8,0.0,0.2,82.682,100.0,93.8272,70.913025,22.068513
648,Index_648_Parallel.png,Index_648_Back.png,Index_648_Front.png,Index_648_Top.png,30,30,6.78,1.2,6.8,1.0,0.4,0.7,10,0.6,4.5,2.0,1.1,0.6,0,-50,1.8,0.0,2,0.02,1.0,0.0,0.0,81.927,86.72840000000001,93.2099,77.788673,34.417262
659,Index_659_Parallel.png,Index_659_Back.png,Index_659_Front.png,Index_659_Top.png,45,41,0.88,2.5,4.9,0.5,2.1,0.9,15,0.9,4.5,0.9,1.3,0.4,0,-60,0.7,0.0,6,0.1,0.6,0.05,0.05,82.167,97.8395,90.1235,75.59034,29.37399
667,Index_667_Parallel.png,Index_667_Back.png,Index_667_Front.png,Index_667_Top.png,30,29,0.98,2.0,4.0,1.0,0.8,3.1,10,0.6,4.5,2.0,0.4,1.3,0,-80,1.9,0.3,5,0.02,0.1,0.0,0.0,81.481,89.19749999999999,94.1358,77.928333,39.042277
698,Index_698_Parallel.png,Index_698_Back.png,Index_698_Front.png,Index_698_Top.png,70,70,7.58,2.5,7.6,0.5,0.0,0.3,40,2.0,5.4,0.8,0.0,0.8,0,-80,2.0,0.1,2,0.02,0.1,0.0,0.0,85.562,100.0,61.72840000000001,39.3675,38.719183
711,Index_711_Parallel.png,Index_711_Back.png,Index_711_Front.png,Index_711_Top.png,40,32,1.1,2.6,4.2,0.4,1.0,2.7,10,0.6,4.5,2.0,0.4,1.3,0,-80,1.6,0.3,4,0.3,0.1,0.1,0.2,82.476,91.6667,94.7531,77.457593,39.647217
712,Index_712_Parallel.png,Index_712_Back.png,Index_712_Front.png,Index_712_Top.png,60,37,1.9,2.6,6.2,0.4,0.4,1.3,10,0.6,4.5,2.0,1.3,0.4,0,-80,2.0,0.3,3,1.2,0.1,0.0,0.0,82.853,96.6049,93.2099,77.302716,40.949307
725,Index_725_Parallel.png,Index_725_Back.png,Index_725_Front.png,Index_725_Top.png,35,31,0.88,1.6,5.9,1.0,0.6,1.4,10,0.8,3.4,2.0,0.6,2.2,0,-40,1.6,0.0,7,0.1,0.1,0.05,0.05,82.202,91.358,94.4444,77.759074,37.87756
758,Index_758_Parallel.png,Index_758_Back.png,Index_758_Front.png,Index_758_Top.png,30,29,0.98,2.0,4.0,0.8,0.0,3.9,10,0.8,3.4,2.0,0.0,2.8,0,-80,2.0,0.0,5,0.02,1.0,0.0,0.0,80.761,41.049400000000006,98.1481,77.453704,19.371879
770,Index_770_Parallel.png,Index_770_Back.png,Index_770_Front.png,Index_770_Top.png,30,29,3.98,2.0,4.0,0.8,0.5,3.4,10,0.8,3.4,2.0,1.1,1.7,0,-80,2.0,0.0,2,0.02,0.2,0.0,0.0,82.27,85.4938,93.5185,76.710833,39.030965
771,Index_771_Parallel.png,Index_771_Back.png,Index_771_Front.png,Index_771_Top.png,40,40,1.03,2.6,4.2,0.4,0.0,3.7,10,0.8,3.4,2.0,0.0,2.8,0,-80,1.6,0.2,5,0.02,1.0,0.0,0.0,80.83,65.1235,95.9877,77.874352,20.649015
772,Index_772_Parallel.png,Index_772_Back.png,Index_772_Front.png,Index_772_Top.png,30,29,0.98,2.0,4.0,0.8,0.8,3.1,10,0.8,3.4,2.0,0.8,2.0,0,-80,2.0,0.0,5,0.02,1.0,0.0,0.0,80.761,42.284,97.8395,77.532685,19.364237
793,Index_793_Parallel.png,Index_793_Back.png,Index_793_Front.png,Index_793_Top.png,60,44,2.35,2.5,6.5,0.5,0.2,1.2,35,1.6,5.9,0.8,0.1,0.2,0,-60,1.3,0.6,3,0.9,0.8,0.15,0.1,83.608,100.0,83.0247,64.42284,31.311651
796,Index_796_Parallel.png,Index_796_Back.png,Index_796_Front.png,Index_796_Top.png,30,29,1.06,1.5,5.4,0.9,0.1,2.4,10,0.6,4.5,2.0,1.7,0.0,0,-70,1.6,0.2,6,0.02,0.2,0.0,0.0,81.962,83.3333,93.8272,77.142037,35.734507
807,Index_807_Parallel.png,Index_807_Back.png,Index_807_Front.png,Index_807_Top.png,30,29,0.98,2.0,4.0,0.9,3.5,0.4,15,0.9,4.5,0.9,0.2,1.5,0,-80,1.4,0.0,5,0.02,0.4,0.0,0.0,81.413,87.03699999999999,90.7407,76.223642,32.397812
809,Index_809_Parallel.png,Index_809_Back.png,Index_809_Front.png,Index_809_Top.png,65,59,1.07,2.5,7.0,0.5,0.3,0.6,15,1.2,3.4,1.0,1.5,1.3,0,-60,1.9,0.7,7,0.1,0.6,0.05,0.05,82.956,100.0,89.81479999999999,71.973395,30.21066
816,Index_816_Parallel.png,Index_816_Back.png,Index_816_Front.png,Index_816_Top.png,40,39,1.15,2.3,4.7,0.7,1.3,1.9,10,0.6,4.5,2.0,0.8,0.9,0,-80,1.5,0.5,5,0.02,0.1,0.0,0.0,81.687,99.3827,91.6667,75.536759,41.395118
817,Index_817_Parallel.png,Index_817_Back.png,Index_817_Front.png,Index_817_Top.png,40,31,1.6,2.6,4.2,0.4,1.0,2.7,10,0.6,4.5,2.0,0.2,1.5,0,-80,2.0,0.7,3,0.5,0.1,0.25,0.15,82.202,89.81479999999999,95.0617,77.582593,39.797908
834,Index_834_Parallel.png,Index_834_Back.png,Index_834_Front.png,Index_834_Top.png,45,38,0.97,2.6,4.7,0.4,0.0,3.2,20,0.9,6.0,0.9,0.2,0.0,0,-80,1.3,0.7,5,0.2,0.9,0.05,0.1,81.139,97.5309,87.96300000000001,75.226944,26.276885
848,Index_848_Parallel.png,Index_848_Back.png,Index_848_Front.png,Index_848_Top.png,30,30,6.78,1.2,6.8,0.8,0.0,1.1,40,1.8,6.0,1.0,0.0,0.2,0,-80,2.0,1.0,2,0.02,1.0,0.0,0.0,83.059,100.0,85.80250000000001,68.942222,28.837848
853,Index_853_Parallel.png,Index_853_Back.png,Index_853_Front.png,Index_853_Top.png,40,32,0.82,2.1,5.1,0.8,2.5,0.3,10,0.8,3.4,2.0,2.1,0.7,0,-70,1.1,0.0,6,0.2,0.7,0.0,0.15,81.55,58.9506,97.2222,77.829259,24.519454
863,Index_863_Parallel.png,Index_863_Back.png,Index_863_Front.png,Index_863_Top.png,30,30,6.78,1.2,6.8,0.8,0.0,1.1,40,2.0,5.4,0.8,0.0,0.8,0,-80,2.0,0.0,2,0.02,1.0,0.0,0.0,83.368,100.0,82.716,67.457407,29.394273
868,Index_868_Parallel.png,Index_868_Back.png,Index_868_Front.png,Index_868_Top.png,50,43,6.5,1.8,7.5,0.8,0.3,0.1,40,1.8,6.0,0.8,0.2,0.0,0,-70,1.5,0.3,2,1.0,0.6,0.75,0.0,84.156,100.0,76.2346,55.978333,34.286114
876,Index_876_Parallel.png,Index_876_Back.png,Index_876_Front.png,Index_876_Top.png,30,30,6.78,1.2,6.8,0.9,0.0,1.1,35,2.0,4.7,0.9,0.0,1.5,0,-80,1.9,0.0,2,0.02,0.9,0.0,0.0,83.196,100.0,84.8765,70.450062,29.43404
877,Index_877_Parallel.png,Index_877_Back.png,Index_877_Front.png,Index_877_Top.png,30,30,6.78,1.2,6.8,0.8,0.4,0.7,40,2.0,5.4,0.8,0.8,0.0,0,-80,2.0,0.0,2,0.02,1.0,0.0,0.0,83.368,100.0,82.4074,67.534846,29.506758
880,Index_880_Parallel.png,Index_880_Back.png,Index_880_Front.png,Index_880_Top.png,45,36,0.82,2.4,5.1,0.6,1.4,1.4,35,1.6,5.9,0.8,0.1,0.2,0,-70,1.5,0.8,6,0.2,0.9,0.0,0.15,82.716,100.0,88.27159999999999,71.703333,22.949141
886,Index_886_Parallel.png,Index_886_Back.png,Index_886_Front.png,Index_886_Top.png,65,64,1.07,2.3,7.6,0.7,0.2,0.1,15,1.2,3.4,0.8,1.9,0.9,0,-60,1.7,0.0,8,0.02,0.9,0.0,0.0,82.407,100.0,87.65429999999999,72.041265,24.724209
955,Index_955_Parallel.png,Index_955_Back.png,Index_955_Front.png,Index_955_Top.png,60,38,1.22,2.1,7.7,0.9,0.2,0.0,20,0.9,6.0,1.0,0.2,0.0,0,-60,1.2,0.1,5,0.7,0.1,0.35,0.35,81.927,100.0,85.80250000000001,72.027068,40.472584
958,Index_958_Parallel.png,Index_958_Back.png,Index_958_Front.png,Index_958_Top.png,45,34,0.87,2.6,4.7,0.4,0.1,3.1,40,1.8,6.0,0.8,0.1,0.1,0,-80,0.7,0.0,5,0.3,0.8,0.2,0.05,82.064,100.0,86.1111,69.858241,24.295662
969,Index_969_Parallel.png,Index_969_Back.png,Index_969_Front.png,Index_969_Top.png,60,33,0.84,2.1,7.7,0.9,0.0,0.2,30,2.0,4.0,1.0,1.8,0.4,0,-50,1.9,0.0,6,0.7,1.0,0.4,0.1,82.236,99.6914,97.8395,78.338673,21.653225
991,Index_991_Parallel.png,Index_991_Back.png,Index_991_Front.png,Index_991_Top.png,65,58,0.85,2.3,7.6,0.7,0.0,0.3,25,1.8,3.8,0.9,0.0,2.4,0,-50,1.3,0.2,9,0.1,0.7,0.05,0.05,81.687,100.0,87.03699999999999,70.097253,24.676611
998,Index_998_Parallel.png,Index_998_Back.png,Index_998_Front.png,Index_998_Top.png,35,30,1.85,2.2,4.3,0.8,3.5,0.1,10,0.8,3.4,2.0,0.8,2.0,0,-80,1.6,0.5,3,0.3,1.0,0.15,0.15,81.55,60.8025,95.3704,76.682778,29.317506
1001,Index_1001_Parallel.png,Index_1001_Back.png,Index_1001_Front.png,Index_1001_Top.png,70,66,1.72,2.6,7.3,0.4,0.1,0.5,10,0.8,3.4,2.0,1.3,1.5,0,-60,1.8,0.6,5,0.1,0.2,0.1,0.0,82.236,100.0,82.716,67.384414,41.708825
1008,Index_1008_Parallel.png,Index_1008_Back.png,Index_1008_Front.png,Index_1008_Top.png,30,29,0.98,2.0,4.0,0.8,0.6,3.3,10,0.8,3.4,2.0,2.6,0.2,0,-80,1.3,0.1,5,0.02,0.1,0.0,0.0,81.481,80.8642,94.1358,76.854537,39.643284
1011,Index_1011_Parallel.png,Index_1011_Back.png,Index_1011_Front.png,Index_1011_Top.png,40,33,0.85,2.6,4.2,0.4,1.0,2.7,10,0.6,4.5,2.0,1.0,0.7,0,-80,1.5,0.7,5,0.2,0.1,0.05,0.1,81.447,93.2099,94.7531,77.391698,40.028377
1012,Index_1012_Parallel.png,Index_1012_Back.png,Index_1012_Front.png,Index_1012_Top.png,60,54,0.93,2.6,6.2,0.4,1.2,0.5,10,0.6,4.5,2.0,0.2,1.5,0,-80,2.0,0.3,7,0.1,0.3,0.0,0.05,82.888,100.0,89.81479999999999,73.781296,35.998785
1014,Index_1014_Parallel.png,Index_1014_Back.png,Index_1014_Front.png,Index_1014_Top.png,60,32,1.02,2.1,7.7,0.9,0.0,0.2,15,1.2,3.4,0.8,0.4,2.4,0,-60,2.0,0.5,5,0.9,0.2,0.1,0.35,81.207,99.6914,91.6667,76.247809,39.717174
1017,Index_1017_Parallel.png,Index_1017_Back.png,Index_1017_Front.png,Index_1017_Top.png,65,53,0.89,2.3,7.6,0.7,0.2,0.1,35,1.6,5.9,0.8,0.0,0.3,0,-40,1.3,0.1,8,0.2,0.7,0.1,0.1,83.162,100.0,83.3333,62.930525,26.280009
1028,Index_1028_Parallel.png,Index_1028_Back.png,Index_1028_Front.png,Index_1028_Top.png,30,29,3.98,2.0,4.0,1.0,2.5,1.4,10,0.6,4.5,2.0,0.0,1.7,0,-80,2.0,0.0,2,0.02,0.1,0.0,0.0,82.407,89.5062,93.2099,77.494321,40.019869
1031,Index_1031_Parallel.png,Index_1031_Back.png,Index_1031_Front.png,Index_1031_Top.png,45,40,0.85,1.6,7.6,1.0,0.1,0.2,25,1.2,5.6,1.0,0.4,0.2,0,-60,1.9,0.2,9,0.1,0.5,0.0,0.05,81.584,100.0,95.9877,75.050031,28.21479
1033,Index_1033_Parallel.png,Index_1033_Back.png,Index_1033_Front.png,Index_1033_Top.png,35,34,1.02,1.8,5.2,0.8,1.1,1.6,35,1.6,5.9,0.8,0.1,0.2,0,-80,1.7,0.6,6,0.02,0.2,0.0,0.0,83.265,100.0,81.7901,67.233673,33.309484
1057,Index_1057_Parallel.png,Index_1057_Back.png,Index_1057_Front.png,Index_1057_Top.png,50,34,2.55,1.8,7.5,1.0,0.3,0.1,20,1.3,4.2,0.8,1.9,0.1,0,-80,2.0,0.7,3,1.2,0.1,1.05,0.15,83.162,100.0,84.8765,72.655833,39.341781
1072,Index_1072_Parallel.png,Index_1072_Back.png,Index_1072_Front.png,Index_1072_Top.png,70,54,2.9,2.5,7.6,0.5,0.0,0.3,10,0.6,4.5,2.0,0.0,1.7,0,-80,1.2,0.0,3,0.9,1.0,0.25,0.05,83.162,100.0,87.96300000000001,73.326821,34.978607
1085,Index_1085_Parallel.png,Index_1085_Back.png,Index_1085_Front.png,Index_1085_Top.png,30,29,3.98,2.0,4.0,0.9,2.9,1.0,10,0.8,3.4,2.0,0.3,2.5,0,-80,1.0,0.0,2,0.02,0.1,0.0,0.0,82.373,83.3333,92.5926,76.783549,40.346303
1086,Index_1086_Parallel.png,Index_1086_Back.png,Index_1086_Front.png,Index_1086_Top.png,50,31,0.8,2.6,5.2,0.4,1.5,1.2,10,0.6,4.5,2.0,0.9,0.8,0,-80,1.7,0.5,5,0.5,0.1,0.3,0.2,81.413,91.6667,94.1358,77.962932,39.439579
1087,Index_1087_Parallel.png,Index_1087_Back.png,Index_1087_Front.png,Index_1087_Top.png,30,29,0.98,2.0,4.0,1.0,0.8,3.1,10,0.6,4.5,2.0,1.2,0.5,0,-80,1.9,0.5,5,0.02,0.1,0.0,0.0,81.447,87.34570000000001,93.8272,77.896049,39.028482
1104,Index_1104_Parallel.png,Index_1104_Back.png,Index_1104_Front.png,Index_1104_Top.png,40,30,1.23,2.2,4.9,0.8,0.9,2.1,10,0.8,3.4,2.0,1.0,1.8,0,-80,1.7,0.7,4,0.4,0.1,0.15,0.25,82.133,91.358,93.8272,77.127778,39.992618
1116,Index_1116_Parallel.png,Index_1116_Back.png,Index_1116_Front.png,Index_1116_Top.png,45,34,0.87,2.6,4.7,0.4,1.0,2.2,10,0.6,4.5,2.0,1.0,0.7,0,-80,1.1,0.0,5,0.3,0.1,0.0,0.25,81.379,93.2099,94.4444,77.380556,40.050567
1117,Index_1117_Parallel.png,Index_1117_Back.png,Index_1117_Front.png,Index_1117_Top.png,55,32,1.65,2.6,5.7,0.4,1.3,0.9,10,0.6,4.5,2.0,0.2,1.5,0,-80,0.7,0.1,3,1.2,0.1,0.1,0.75,82.545,91.358,93.8272,77.907963,40.027905
1124,Index_1124_Parallel.png,Index_1124_Back.png,Index_1124_Front.png,Index_1124_Top.png,45,34,0.87,2.6,4.7,0.4,2.9,0.3,30,1.4,5.8,1.0,0.3,0.1,0,-20,1.7,0.1,5,0.3,0.8,0.15,0.05,81.653,100.0,95.0617,76.198302,23.220401
1153,Index_1153_Parallel.png,Index_1153_Back.png,Index_1153_Front.png,Index_1153_Top.png,30,30,4.48,1.8,4.5,1.0,0.4,3.0,25,1.8,3.8,1.0,1.6,0.8,0,-80,1.7,0.4,2,0.02,1.0,0.0,0.0,82.545,100.0,91.0494,75.520247,30.265165
1162,Index_1162_Parallel.png,Index_1162_Back.png,Index_1162_Front.png,Index_1162_Top.png,35,34,0.89,1.3,7.3,1.0,0.6,0.0,10,0.8,3.4,2.0,0.7,2.1,0,-40,1.8,0.1,9,0.02,0.1,0.0,0.0,81.413,90.7407,92.284,76.893457,38.045181
1173,Index_1173_Parallel.png,Index_1173_Back.png,Index_1173_Front.png,Index_1173_Top.png,30,29,1.01,1.3,6.2,0.8,1.0,0.7,10,0.8,3.4,2.0,0.6,2.2,0,-80,1.6,0.1,7,0.02,1.0,0.0,0.0,81.036,42.284,97.2222,77.500772,19.795687
1177,Index_1177_Parallel.png,Index_1177_Back.png,Index_1177_Front.png,Index_1177_Top.png,70,45,1.63,2.5,7.6,0.5,0.0,0.3,10,0.6,4.5,2.0,0.8,0.9,0,-80,1.2,0.5,4,0.9,1.0,0.25,0.65,82.785,99.3827,92.9012,76.417438,33.722041
1182,Index_1182_Parallel.png,Index_1182_Back.png,Index_1182_Front.png,Index_1182_Top.png,40,36,0.86,1.4,7.7,1.0,0.0,0.2,40,1.8,6.0,0.9,0.1,0.1,0,-60,1.5,0.2,9,0.1,0.4,0.05,0.0,82.099,100.0,86.72840000000001,68.724352,26.639883
1189,Index_1189_Parallel.png,Index_1189_Back.png,Index_1189_Front.png,Index_1189_Top.png,35,31,1.62,1.3,7.3,1.0,0.0,0.6,15,0.7,5.8,2.0,0.4,0.0,0,-80,1.9,0.0,5,0.2,0.3,0.05,0.15,81.619,97.5309,91.9753,77.560247,34.101505
1206,Index_1206_Parallel.png,Index_1206_Back.png,Index_1206_Front.png,Index_1206_Top.png,40,33,0.85,2.6,4.2,0.4,0.8,2.9,10,0.6,4.5,2.0,1.2,0.5,0,-80,0.8,0.1,5,0.2,0.1,0.05,0.15,81.55,91.6667,94.7531,77.299321,39.912582
1207,Index_1207_Parallel.png,Index_1207_Back.png,Index_1207_Front.png,Index_1207_Top.png,40,31,1.6,2.6,4.2,0.4,3.2,0.5,10,0.6,4.5,2.0,1.2,0.5,0,-80,1.5,0.1,3,0.5,0.1,0.1,0.05,82.476,83.0247,94.7531,77.196975,39.39585
1226,Index_1226_Parallel.png,Index_1226_Back.png,Index_1226_Front.png,Index_1226_Top.png,70,50,2.7,2.5,7.6,0.5,0.0,0.3,25,1.7,4.0,0.9,1.6,0.6,0,-40,1.0,0.1,3,1.1,0.6,0.05,0.15,83.642,100.0,84.25930000000001,67.799877,34.180004
1229,Index_1229_Parallel.png,Index_1229_Back.png,Index_1229_Front.png,Index_1229_Top.png,35,35,0.95,1.4,6.8,0.9,0.8,0.3,40,1.8,6.0,0.8,0.0,0.2,0,-70,1.9,0.2,8,0.02,0.7,0.0,0.0,82.716,100.0,87.65429999999999,69.804722,23.545101
1234,Index_1234_Parallel.png,Index_1234_Back.png,Index_1234_Front.png,Index_1234_Top.png,30,29,0.98,2.0,4.0,0.9,2.4,1.5,10,0.8,3.4,2.0,1.5,1.3,0,-70,1.9,0.1,5,0.02,1.0,0.0,0.0,80.693,45.0617,99.6914,77.948148,19.299478
1235,Index_1235_Parallel.png,Index_1235_Back.png,Index_1235_Front.png,Index_1235_Top.png,30,29,0.98,2.0,4.0,0.9,0.4,3.5,10,0.8,3.4,2.0,0.3,2.5,0,-60,1.3,0.0,5,0.02,0.4,0.0,0.0,81.036,67.5926,96.6049,78.084691,29.772969
1240,Index_1240_Parallel.png,Index_1240_Back.png,Index_1240_Front.png,Index_1240_Top.png,60,44,2.35,2.5,6.5,0.5,1.1,0.3,25,1.7,4.0,0.9,0.3,1.9,0,-70,1.0,0.0,3,0.9,0.1,0.15,0.75,83.745,100.0,83.3333,68.272623,38.328657
1243,Index_1243_Parallel.png,Index_1243_Back.png,Index_1243_Front.png,Index_1243_Top.png,70,57,0.89,2.5,7.6,0.5,0.1,0.2,30,1.4,5.8,0.8,0.4,0.0,0,-50,1.5,0.6,8,0.2,0.8,0.05,0.1,82.853,100.0,86.72840000000001,67.184321,25.211261
1248,Index_1248_Parallel.png,Index_1248_Back.png,Index_1248_Front.png,Index_1248_Top.png,30,29,3.98,2.0,4.0,1.0,0.2,3.7,10,0.8,3.4,2.0,2.5,0.3,0,-80,1.3,0.0,2,0.02,0.1,0.0,0.0,82.339,84.5679,93.2099,77.160957,40.313422
1275,Index_1275_Parallel.png,Index_1275_Back.png,Index_1275_Front.png,Index_1275_Top.png,70,69,0.93,2.5,7.6,0.5,0.2,0.1,15,1.2,3.4,0.9,1.6,1.2,0,-60,0.6,0.0,9,0.02,0.4,0.0,0.0,81.859,100.0,82.716,66.404012,33.463987
1302,Index_1302_Parallel.png,Index_1302_Back.png,Index_1302_Front.png,Index_1302_Top.png,40,33,0.97,2.3,4.7,0.7,1.6,1.6,15,0.7,5.8,2.0,0.3,0.1,0,-70,1.9,0.6,5,0.2,0.8,0.1,0.0,80.933,88.58019999999999,97.5309,78.901728,22.005627
1310,Index_1310_Parallel.png,Index_1310_Back.png,Index_1310_Front.png,Index_1310_Top.png,35,31,1.77,1.6,5.9,0.9,0.6,1.4,10,0.8,3.4,2.0,0.0,2.8,0,-60,1.3,0.0,4,0.2,0.1,0.1,0.1,82.407,90.1235,92.9012,76.487994,39.975492
1312,Index_1312_Parallel.png,Index_1312_Back.png,Index_1312_Front.png,Index_1312_Top.png,55,32,1.65,2.6,5.7,0.4,0.2,2.0,10,0.6,4.5,2.0,1.2,0.5,0,-80,0.7,0.1,3,1.2,0.1,0.15,0.75,82.545,91.6667,94.1358,77.841049,39.836044
1317,Index_1317_Parallel.png,Index_1317_Back.png,Index_1317_Front.png,Index_1317_Top.png,30,29,0.98,2.0,4.0,1.0,2.9,1.0,20,1.5,3.6,0.8,1.0,1.6,0,-60,1.2,0.0,5,0.02,0.1,0.0,0.0,81.893,98.7654,89.81479999999999,74.799043,37.687655
1329,Index_1329_Parallel.png,Index_1329_Back.png,Index_1329_Front.png,Index_1329_Top.png,70,48,0.87,2.5,7.6,0.5,0.3,0.0,25,2.0,3.4,0.8,1.8,1.0,0,-70,0.9,0.0,7,0.4,0.6,0.1,0.3,83.333,100.0,86.72840000000001,70.883519,30.119489
1338,Index_1338_Parallel.png,Index_1338_Back.png,Index_1338_Front.png,Index_1338_Top.png,30,30,1.06,1.9,4.3,0.8,0.2,3.4,10,0.7,3.9,2.0,1.3,1.0,0,-70,1.5,0.3,5,0.02,0.6,0.0,0.0,80.898,62.3457,95.9877,77.551944,25.898303
1339,Index_1339_Parallel.png,Index_1339_Back.png,Index_1339_Front.png,Index_1339_Top.png,65,53,0.89,2.3,7.6,0.7,0.3,0.0,10,0.6,4.5,2.0,1.2,0.5,0,-80,1.9,0.1,8,0.2,1.0,0.0,0.2,81.859,96.9136,94.1358,77.376821,22.074134
1348,Index_1348_Parallel.png,Index_1348_Back.png,Index_1348_Front.png,Index_1348_Top.png,45,44,7.5,1.6,7.6,1.0,0.3,0.0,40,1.8,6.0,0.8,0.1,0.1,0,-70,1.7,0.1,2,0.1,0.9,0.05,0.05,84.156,100.0,75.0,55.212593,33.170107
1354,Index_1354_Parallel.png,Index_1354_Back.png,Index_1354_Front.png,Index_1354_Top.png,60,51,6.5,2.1,7.7,0.9,0.1,0.1,10,0.8,3.4,2.0,0.5,2.3,0,-80,1.7,0.3,2,1.2,0.2,0.75,0.45,83.539,100.0,84.5679,70.612778,43.047224
1356,Index_1356_Parallel.png,Index_1356_Back.png,Index_1356_Front.png,Index_1356_Top.png,55,40,0.84,2.6,5.7,0.4,0.0,2.2,10,0.6,4.5,2.0,1.1,0.6,0,-80,1.2,0.1,6,0.3,0.1,0.2,0.05,82.682,99.6914,92.5926,75.928302,41.369384
1357,Index_1357_Parallel.png,Index_1357_Back.png,Index_1357_Front.png,Index_1357_Top.png,35,30,1.85,2.2,4.3,0.8,0.4,3.2,10,0.6,4.5,2.0,0.8,0.9,0,-80,1.4,0.1,3,0.3,0.1,0.05,0.15,82.476,89.5062,93.5185,76.789938,39.597039
1359,Index_1359_Parallel.png,Index_1359_Back.png,Index_1359_Front.png,Index_1359_Top.png,40,33,0.88,2.0,5.4,1.0,1.8,0.7,10,0.8,3.4,2.0,1.7,1.1,0,-70,1.9,0.6,6,0.2,0.2,0.1,0.0,82.167,90.4321,94.1358,78.140741,37.155531
1363,Index_1363_Parallel.png,Index_1363_Back.png,Index_1363_Front.png,Index_1363_Top.png,45,36,0.82,2.4,5.1,0.6,0.2,2.6,35,1.8,5.2,0.9,0.0,1.0,0,-20,1.8,0.0,6,0.2,0.4,0.0,0.1,82.682,100.0,90.4321,71.617654,25.716231
1368,Index_1368_Parallel.png,Index_1368_Back.png,Index_1368_Front.png,Index_1368_Top.png,30,30,1.06,1.9,4.3,0.9,0.0,3.6,10,0.6,4.5,2.0,0.1,1.6,0,-60,1.9,0.1,5,0.02,0.6,0.0,0.0,80.967,63.5802,98.7654,78.157068,25.621537
1391,Index_1391_Parallel.png,Index_1391_Back.png,Index_1391_Front.png,Index_1391_Top.png,50,46,1.15,1.8,7.5,0.8,0.1,0.3,20,1.5,3.6,1.0,1.3,1.3,0,-80,1.6,0.1,7,0.1,0.6,0.0,0.1,82.75,100.0,89.81479999999999,72.894198,29.677854
1403,Index_1403_Parallel.png,Index_1403_Back.png,Index_1403_Front.png,Index_1403_Top.png,30,29,0.98,2.0,4.0,0.8,0.5,3.4,10,0.6,4.5,2.0,0.4,1.3,0,-80,1.4,0.0,5,0.02,1.0,0.0,0.0,80.761,45.3704,98.1481,77.736235,19.444119
1407,Index_1407_Parallel.png,Index_1407_Back.png,Index_1407_Front.png,Index_1407_Top.png,45,41,0.88,2.5,4.9,0.5,1.1,1.9,15,0.7,5.8,2.0,0.0,0.4,0,-60,0.7,0.0,6,0.1,0.4,0.05,0.05,82.407,99.3827,94.4444,77.073796,30.23756
1422,Index_1422_Parallel.png,Index_1422_Back.png,Index_1422_Front.png,Index_1422_Top.png,40,32,3.6,2.4,4.5,0.6,0.0,3.4,15,1.2,3.4,0.8,0.1,2.7,0,-80,2.0,0.2,2,0.9,0.6,0.5,0.4,82.647,99.0741,89.19749999999999,74.62608,39.807004
1434,Index_1434_Parallel.png,Index_1434_Back.png,Index_1434_Front.png,Index_1434_Top.png,70,57,0.89,2.5,7.6,0.5,0.0,0.3,10,0.6,4.5,2.0,0.3,1.4,0,-80,2.0,0.7,8,0.2,0.5,0.1,0.1,82.819,100.0,90.7407,73.782037,32.478377
1441,Index_1441_Parallel.png,Index_1441_Back.png,Index_1441_Front.png,Index_1441_Top.png,50,49,1.0,2.2,6.1,0.8,1.0,0.8,30,1.5,5.4,0.9,0.1,0.7,0,-60,1.7,0.6,7,0.02,0.6,0.0,0.0,82.853,100.0,84.5679,68.296512,26.493423
1458,Index_1458_Parallel.png,Index_1458_Back.png,Index_1458_Front.png,Index_1458_Top.png,65,64,0.98,2.5,7.0,0.5,0.7,0.2,40,1.8,6.0,0.9,0.2,0.0,0,-80,2.0,0.1,8,0.02,0.4,0.0,0.0,84.191,100.0,73.4568,51.178364,29.446056
1468,Index_1468_Parallel.png,Index_1468_Back.png,Index_1468_Front.png,Index_1468_Top.png,60,34,1.05,2.2,7.4,0.8,0.5,0.0,20,0.9,6.0,0.9,0.1,0.1,0,-70,1.0,0.0,5,0.8,0.8,0.45,0.35,81.31,100.0,89.5062,74.442809,33.157993
1475,Index_1475_Parallel.png,Index_1475_Back.png,Index_1475_Front.png,Index_1475_Top.png,40,33,0.85,2.6,4.2,0.4,2.3,1.4,10,0.8,3.4,2.0,0.2,2.6,0,-80,1.8,0.2,5,0.2,0.1,0.05,0.0,81.447,87.03699999999999,94.7531,77.405617,40.465549
1478,Index_1478_Parallel.png,Index_1478_Back.png,Index_1478_Front.png,Index_1478_Top.png,70,63,0.85,2.5,7.6,0.5,0.1,0.2,10,0.8,3.4,2.0,1.3,1.5,0,-60,0.7,0.1,9,0.1,0.1,0.0,0.1,82.167,100.0,82.4074,67.834938,44.091352
1479,Index_1479_Parallel.png,Index_1479_Back.png,Index_1479_Front.png,Index_1479_Top.png,50,49,1.06,2.5,5.4,0.5,0.8,1.7,15,0.7,5.8,2.0,0.4,0.0,0,-70,1.1,0.1,6,0.02,1.0,0.0,0.0,81.859,97.5309,94.4444,77.960216,20.497977
1504,Index_1504_Parallel.png,Index_1504_Back.png,Index_1504_Front.png,Index_1504_Top.png,70,63,0.85,2.5,7.6,0.5,0.2,0.1,10,0.8,3.4,2.0,0.8,2.0,0,-40,1.6,0.0,9,0.1,0.7,0.1,0.0,81.036,100.0,97.8395,76.04929,24.704719
1505,Index_1505_Parallel.png,Index_1505_Back.png,Index_1505_Front.png,Index_1505_Top.png,70,63,0.85,2.5,7.6,0.5,0.0,0.3,10,0.8,3.4,2.0,0.3,2.5,0,-70,1.9,0.5,9,0.1,0.8,0.05,0.05,80.967,100.0,92.5926,76.302716,24.078384
1515,Index_1515_Parallel.png,Index_1515_Back.png,Index_1515_Front.png,Index_1515_Top.png,40,36,4.9,2.0,5.4,0.8,1.8,0.7,20,0.9,6.0,0.9,0.0,0.2,0,-60,1.6,0.5,2,0.5,0.8,0.1,0.35,82.785,100.0,83.64200000000001,71.188858,36.95801
1527,Index_1527_Parallel.png,Index_1527_Back.png,Index_1527_Front.png,Index_1527_Top.png,30,30,4.78,1.7,4.8,1.0,1.3,1.8,20,0.9,6.0,1.0,0.0,0.2,0,-60,1.8,0.1,2,0.02,0.4,0.0,0.0,82.647,100.0,89.19749999999999,75.223827,37.21793
1531,Index_1531_Parallel.png,Index_1531_Back.png,Index_1531_Front.png,Index_1531_Top.png,70,63,0.85,2.5,7.6,0.5,0.3,0.0,30,1.4,5.8,1.0,0.2,0.2,0,-40,1.7,0.3,9,0.1,0.9,0.1,0.0,81.653,100.0,94.7531,69.655463,21.833215
1548,Index_1548_Parallel.png,Index_1548_Back.png,Index_1548_Front.png,Index_1548_Top.png,35,32,0.98,2.2,4.3,0.8,1.9,1.7,10,0.8,3.4,2.0,1.8,1.0,0,-60,1.4,0.1,5,0.1,0.1,0.05,0.05,81.481,91.6667,93.8272,76.876944,39.784645
1549,Index_1549_Parallel.png,Index_1549_Back.png,Index_1549_Front.png,Index_1549_Top.png,30,29,3.98,2.0,4.0,0.8,1.9,2.0,10,0.8,3.4,2.0,0.5,2.3,0,-70,1.3,0.0,2,0.02,0.8,0.0,0.0,81.927,83.0247,94.7531,77.34284,33.989554
1550,Index_1550_Parallel.png,Index_1550_Back.png,Index_1550_Front.png,Index_1550_Top.png,35,32,0.98,2.2,4.3,0.8,2.9,0.7,10,0.8,3.4,2.0,0.8,2.0,0,-70,1.0,0.1,5,0.1,0.1,0.0,0.05,81.516,84.25930000000001,93.2099,76.393981,40.546826
1556,Index_1556_Parallel.png,Index_1556_Back.png,Index_1556_Front.png,Index_1556_Top.png,40,36,0.81,1.7,6.4,0.9,0.9,0.6,40,1.8,6.0,0.8,0.2,0.0,0,-60,1.8,0.6,8,0.1,0.5,0.0,0.1,83.025,100.0,84.8765,67.898488,26.281702
1561,Index_1561_Parallel.png,Index_1561_Back.png,Index_1561_Front.png,Index_1561_Top.png,60,55,3.55,2.1,7.7,0.9,0.0,0.2,35,1.6,5.9,0.9,0.1,0.2,0,-70,1.8,0.1,3,0.3,0.4,0.05,0.25,84.568,100.0,71.6049,49.652346,36.135157
1568,Index_1568_Parallel.png,Index_1568_Back.png,Index_1568_Front.png,Index_1568_Top.png,70,59,6.1,2.6,7.3,0.4,0.2,0.4,10,0.8,3.4,2.0,0.0,2.8,0,-80,2.0,0.1,2,1.2,0.1,0.0,1.2,83.951,100.0,85.18520000000001,69.689753,43.87563
1585,Index_1585_Parallel.png,Index_1585_Back.png,Index_1585_Front.png,Index_1585_Top.png,35,30,1.16,1.4,6.8,0.8,0.4,0.7,30,1.4,5.8,0.9,0.3,0.1,0,-40,1.9,0.3,6,0.2,0.6,0.1,0.1,82.442,100.0,87.96300000000001,72.654074,28.306622
1590,Index_1590_Parallel.png,Index_1590_Back.png,Index_1590_Front.png,Index_1590_Top.png,45,37,2.6,1.9,6.4,0.9,1.2,0.3,15,1.2,3.4,0.8,0.8,2.0,0,-80,1.2,0.1,3,0.6,0.5,0.45,0.0,82.613,99.6914,87.34570000000001,73.283241,38.912727
1595,Index_1595_Parallel.png,Index_1595_Back.png,Index_1595_Front.png,Index_1595_Top.png,70,63,0.81,2.6,7.3,0.4,0.2,0.4,30,1.8,4.5,0.9,1.2,0.5,0,-70,1.8,0.0,9,0.1,0.3,0.05,0.0,82.476,100.0,79.9383,59.390802,32.774451
1596,Index_1596_Parallel.png,Index_1596_Back.png,Index_1596_Front.png,Index_1596_Top.png,50,34,0.85,1.8,7.5,1.0,0.0,0.4,15,1.2,3.4,0.9,2.5,0.3,0,-80,2.0,0.3,7,0.4,0.1,0.2,0.2,82.785,100.0,87.65429999999999,75.296975,41.198353
1597,Index_1597_Parallel.png,Index_1597_Back.png,Index_1597_Front.png,Index_1597_Top.png,70,48,2.6,2.5,7.6,0.5,0.2,0.1,10,0.8,3.4,2.0,0.4,2.4,0,-80,2.0,0.6,3,1.2,0.1,0.85,0.35,83.539,100.0,88.27159999999999,73.405648,43.098092
1611,Index_1611_Parallel.png,Index_1611_Back.png,Index_1611_Front.png,Index_1611_Top.png,70,57,0.89,2.5,7.6,0.5,0.2,0.1,15,1.2,3.4,0.8,1.6,1.2,0,-40,1.1,0.1,8,0.2,0.1,0.0,0.05,83.642,100.0,81.7901,66.158673,42.397915
1616,Index_1616_Parallel.png,Index_1616_Back.png,Index_1616_Front.png,Index_1616_Top.png,70,63,0.85,2.5,7.6,0.5,0.1,0.2,20,0.9,6.0,0.9,0.2,0.0,0,-40,1.3,0.1,9,0.1,0.5,0.0,0.05,81.722,100.0,83.64200000000001,67.368889,29.972435
1620,Index_1620_Parallel.png,Index_1620_Back.png,Index_1620_Front.png,Index_1620_Top.png,50,41,0.88,2.5,5.4,0.5,1.2,1.3,25,1.1,6.1,0.8,0.0,0.1,0,-80,1.8,0.3,6,0.2,1.0,0.1,0.05,82.27,99.6914,87.65429999999999,73.404136,24.497766
1625,Index_1625_Parallel.png,Index_1625_Back.png,Index_1625_Front.png,Index_1625_Top.png,30,30,3.38,1.2,6.8,0.8,0.9,0.2,10,0.6,4.5,2.0,1.0,0.7,0,-80,1.5,0.0,3,0.02,0.1,0.0,0.0,82.373,84.25930000000001,91.6667,75.566451,39.347668
1626,Index_1626_Parallel.png,Index_1626_Back.png,Index_1626_Front.png,Index_1626_Top.png,40,32,1.1,2.6,4.2,0.4,0.5,3.2,10,0.6,4.5,2.0,1.2,0.5,0,-80,1.3,0.6,4,0.3,0.1,0.1,0.1,82.442,90.1235,94.7531,77.342685,39.874211
1628,Index_1628_Parallel.png,Index_1628_Back.png,Index_1628_Front.png,Index_1628_Top.png,70,63,0.85,2.5,7.6,0.5,0.0,0.3,10,0.8,3.4,2.0,1.5,1.3,0,-50,1.1,0.1,9,0.1,0.2,0.05,0.05,81.893,100.0,85.18520000000001,69.26466,40.647266
1634,Index_1634_Parallel.png,Index_1634_Back.png,Index_1634_Front.png,Index_1634_Top.png,50,40,0.81,1.9,7.1,0.9,0.3,0.5,35,1.6,5.9,0.8,0.1,0.2,0,-70,1.8,0.7,8,0.2,0.8,0.1,0.0,82.442,100.0,90.1235,71.44679,23.58679
1638,Index_1638_Parallel.png,Index_1638_Back.png,Index_1638_Front.png,Index_1638_Top.png,30,29,0.98,2.0,4.0,1.0,2.3,1.6,10,0.8,3.4,2.0,0.0,2.8,0,-70,1.9,0.2,5,0.02,0.8,0.0,0.0,80.796,57.0988,100.0,78.523302,21.754615
1643,Index_1643_Parallel.png,Index_1643_Back.png,Index_1643_Front.png,Index_1643_Top.png,70,63,0.85,2.5,7.6,0.5,0.0,0.3,15,1.2,3.4,0.8,1.8,1.0,0,-60,1.1,0.1,9,0.1,0.1,0.05,0.0,82.407,100.0,78.7037,62.928519,44.075992
1649,Index_1649_Parallel.png,Index_1649_Back.png,Index_1649_Front.png,Index_1649_Top.png,30,30,1.18,1.7,4.8,0.8,0.3,2.8,35,1.6,5.9,0.8,0.2,0.1,0,-40,1.3,0.0,5,0.02,0.3,0.0,0.0,82.339,100.0,84.8765,69.661204,30.242615
1655,Index_1655_Parallel.png,Index_1655_Back.png,Index_1655_Front.png,Index_1655_Top.png,35,31,1.77,1.6,5.9,0.9,0.9,1.1,10,0.6,4.5,2.0,0.9,0.8,0,-80,1.6,0.0,4,0.2,0.1,0.0,0.1,82.476,92.5926,93.2099,76.522994,39.916697
1656,Index_1656_Parallel.png,Index_1656_Back.png,Index_1656_Front.png,Index_1656_Top.png,70,63,0.85,2.5,7.6,0.5,0.2,0.1,10,0.8,3.4,2.0,1.9,0.9,0,-80,1.2,0.1,9,0.1,0.1,0.0,0.0,82.167,100.0,83.3333,68.441049,44.334761
1658,Index_1658_Parallel.png,Index_1658_Back.png,Index_1658_Front.png,Index_1658_Top.png,70,63,0.85,2.5,7.6,0.5,0.3,0.0,20,1.2,4.5,0.8,1.2,0.5,0,-70,1.4,0.1,9,0.1,0.1,0.1,0.0,82.613,100.0,75.3086,58.819105,43.205169
1661,Index_1661_Parallel.png,Index_1661_Back.png,Index_1661_Front.png,Index_1661_Top.png,70,70,7.58,2.5,7.6,0.5,0.3,0.0,15,1.2,3.4,1.0,2.1,0.7,0,-60,1.8,0.0,2,0.02,0.5,0.0,0.0,84.362,100.0,78.3951,59.814136,41.613759
1673,Index_1673_Parallel.png,Index_1673_Back.png,Index_1673_Front.png,Index_1673_Top.png,70,63,0.85,2.5,7.6,0.5,0.3,0.0,10,0.8,3.4,2.0,1.5,1.3,0,-70,0.8,0.1,9,0.1,0.1,0.0,0.0,82.064,100.0,83.0247,68.523241,44.157395
1680,Index_1680_Parallel.png,Index_1680_Back.png,Index_1680_Front.png,Index_1680_Top.png,70,57,0.89,2.5,7.6,0.5,0.1,0.2,30,2.0,4.0,0.8,1.3,0.9,0,-70,1.2,0.0,8,0.2,0.9,0.1,0.1,82.888,100.0,85.4938,69.230586,23.851119
1686,Index_1686_Parallel.png,Index_1686_Back.png,Index_1686_Front.png,Index_1686_Top.png,40,40,1.03,2.6,4.2,0.4,0.9,2.8,10,0.6,4.5,2.0,1.0,0.7,0,-80,1.5,0.5,5,0.02,0.1,0.0,0.0,81.687,98.1481,92.284,76.305494,41.499054
1687,Index_1687_Parallel.png,Index_1687_Back.png,Index_1687_Front.png,Index_1687_Top.png,50,45,0.94,2.6,5.2,0.4,2.0,0.7,10,0.6,4.5,2.0,1.2,0.5,0,-80,1.9,0.5,6,0.1,0.1,0.05,0.05,83.025,99.6914,90.7407,74.449383,42.184711
1688,Index_1688_Parallel.png,Index_1688_Back.png,Index_1688_Front.png,Index_1688_Top.png,70,70,7.28,2.6,7.3,0.4,0.0,0.6,40,2.0,5.4,1.0,0.0,0.8,0,-80,2.0,0.1,2,0.02,1.0,0.0,0.0,85.014,100.0,68.5185,43.734259,33.580923
1704,Index_1704_Parallel.png,Index_1704_Back.png,Index_1704_Front.png,Index_1704_Top.png,45,34,0.87,2.6,4.7,0.4,1.2,2.0,20,1.5,3.6,1.0,0.2,2.4,0,-40,1.7,0.0,5,0.3,0.7,0.15,0.05,81.07,97.5309,98.1481,78.303457,25.259399
1716,Index_1716_Parallel.png,Index_1716_Back.png,Index_1716_Front.png,Index_1716_Top.png,30,29,0.98,2.0,4.0,1.0,0.8,3.1,10,0.6,4.5,2.0,0.7,1.0,0,-80,1.1,0.0,5,0.02,0.1,0.0,0.0,81.516,88.27159999999999,94.1358,77.915833,39.047373
1717,Index_1717_Parallel.png,Index_1717_Back.png,Index_1717_Front.png,Index_1717_Top.png,40,37,0.95,2.6,4.2,0.4,1.0,2.7,10,0.6,4.5,2.0,0.4,1.3,0,-80,1.8,0.5,5,0.1,0.1,0.05,0.05,81.722,97.8395,92.9012,76.801235,41.012165
1720,Index_1720_Parallel.png,Index_1720_Back.png,Index_1720_Front.png,Index_1720_Top.png,50,41,0.88,2.5,5.4,0.5,2.1,0.4,15,0.9,4.5,0.8,0.1,1.6,0,-70,2.0,0.7,6,0.2,0.8,0.05,0.05,81.893,93.8272,91.9753,75.815432,26.478574
1737,Index_1737_Parallel.png,Index_1737_Back.png,Index_1737_Front.png,Index_1737_Top.png,70,63,0.85,2.5,7.6,0.5,0.3,0.0,20,1.2,4.5,1.0,1.5,0.2,0,-50,1.3,0.1,9,0.1,0.1,0.0,0.1,82.545,100.0,79.6296,60.517809,41.332443
1740,Index_1740_Parallel.png,Index_1740_Back.png,Index_1740_Front.png,Index_1740_Top.png,35,32,1.12,1.3,7.3,1.0,0.3,0.3,20,0.9,6.0,0.9,0.0,0.2,0,-80,1.9,0.7,7,0.1,0.5,0.0,0.1,82.27,99.6914,87.65429999999999,75.248025,32.04051
1750,Index_1750_Parallel.png,Index_1750_Back.png,Index_1750_Front.png,Index_1750_Top.png,70,70,1.88,2.5,7.6,0.5,0.3,0.0,30,1.4,5.8,1.0,0.0,0.4,0,-80,2.0,0.5,5,0.02,1.0,0.0,0.0,82.373,100.0,77.1605,55.383642,28.569691
1771,Index_1771_Parallel.png,Index_1771_Back.png,Index_1771_Front.png,Index_1771_Top.png,40,30,1.2,1.7,6.4,0.9,0.9,0.6,35,1.8,5.2,0.8,0.6,0.4,0,-60,1.9,0.0,5,0.4,0.3,0.3,0.05,82.099,100.0,84.5679,69.972994,31.709443
1773,Index_1773_Parallel.png,Index_1773_Back.png,Index_1773_Front.png,Index_1773_Top.png,30,29,1.01,1.3,6.2,0.9,0.2,1.5,10,0.8,3.4,2.0,1.8,1.0,0,-80,1.9,0.0,7,0.02,0.1,0.0,0.0,82.167,83.0247,92.9012,76.698117,40.442712
1789,Index_1789_Parallel.png,Index_1789_Back.png,Index_1789_Front.png,Index_1789_Top.png,65,46,2.7,2.3,7.6,0.7,0.0,0.3,10,0.8,3.4,2.0,0.3,2.5,0,-70,1.8,0.1,3,1.1,0.1,0.0,0.0,83.333,100.0,88.58019999999999,73.646481,42.546447
1810,Index_1810_Parallel.png,Index_1810_Back.png,Index_1810_Front.png,Index_1810_Top.png,70,33,0.9,2.5,7.6,0.5,0.3,0.0,10,0.8,3.4,2.0,2.0,0.8,0,-30,1.8,0.1,5,1.0,0.4,0.4,0.2,80.727,88.58019999999999,98.1481,79.485895,33.528145
1823,Index_1823_Parallel.png,Index_1823_Back.png,Index_1823_Front.png,Index_1823_Top.png,70,69,0.89,2.6,7.3,0.4,0.2,0.4,10,0.8,3.4,2.0,0.7,2.1,0,-40,1.5,0.0,9,0.02,1.0,0.0,0.0,80.864,98.1481,99.3827,78.074321,18.483439
1824,Index_1824_Parallel.png,Index_1824_Back.png,Index_1824_Front.png,Index_1824_Top.png,70,69,1.25,2.5,7.6,0.5,0.2,0.1,15,1.2,3.4,0.8,2.8,0.0,0,-70,1.8,0.2,7,0.02,0.1,0.0,0.0,84.362,100.0,75.0,59.275556,44.705657
1836,Index_1836_Parallel.png,Index_1836_Back.png,Index_1836_Front.png,Index_1836_Top.png,50,35,2.05,2.3,5.9,0.7,1.8,0.2,10,0.8,3.4,2.0,0.9,1.9,0,-80,1.4,0.3,3,0.9,0.1,0.45,0.45,82.819,93.8272,91.9753,76.100154,41.171676
1837,Index_1837_Parallel.png,Index_1837_Back.png,Index_1837_Front.png,Index_1837_Top.png,50,32,1.85,2.3,5.9,0.7,0.4,1.6,10,0.6,4.5,2.0,0.7,1.0,0,-80,1.1,0.3,3,1.1,0.1,0.45,0.5,82.682,93.8272,93.5185,77.375309,39.794692
1846,Index_1846_Parallel.png,Index_1846_Back.png,Index_1846_Front.png,Index_1846_Top.png,30,30,1.0,1.6,5.1,0.9,0.0,2.8,40,1.9,5.7,1.0,0.5,0.0,0,-30,1.9,0.0,6,0.02,0.6,0.0,0.0,82.545,100.0,95.0617,73.450802,21.758144
1853,Index_1853_Parallel.png,Index_1853_Back.png,Index_1853_Front.png,Index_1853_Top.png,70,63,0.85,2.5,7.6,0.5,0.3,0.0,10,0.8,3.4,2.0,1.3,1.5,0,-40,0.9,0.0,9,0.1,0.2,0.05,0.0,81.722,100.0,86.41980000000001,69.899969,39.673623
1854,Index_1854_Parallel.png,Index_1854_Back.png,Index_1854_Front.png,Index_1854_Top.png,50,30,1.7,2.4,5.6,0.6,0.2,2.1,30,1.9,4.3,0.8,0.7,1.2,0,-50,1.7,0.7,3,1.1,0.4,0.05,0.2,82.716,100.0,89.81479999999999,73.314228,30.308638
1864,Index_1864_Parallel.png,Index_1864_Back.png,Index_1864_Front.png,Index_1864_Top.png,30,29,0.98,2.0,4.0,1.0,2.1,1.8,15,0.7,5.8,2.0,0.3,0.1,0,-80,1.3,0.1,5,0.02,0.7,0.0,0.0,81.104,80.5556,98.7654,79.219475,22.18361
1879,Index_1879_Parallel.png,Index_1879_Back.png,Index_1879_Front.png,Index_1879_Top.png,35,34,1.06,2.2,4.3,0.8,0.8,2.8,10,0.8,3.4,2.0,0.8,2.0,0,-80,1.9,0.8,5,0.02,0.1,0.0,0.0,81.447,93.8272,92.5926,76.453858,41.057491
1883,Index_1883_Parallel.png,Index_1883_Back.png,Index_1883_Front.png,Index_1883_Top.png,70,63,0.85,2.5,7.6,0.5,0.2,0.1,15,1.2,3.4,0.8,1.2,1.6,0,-60,1.2,0.1,9,0.1,0.4,0.0,0.05,81.687,100.0,84.25930000000001,68.323117,33.565092
1894,Index_1894_Parallel.png,Index_1894_Back.png,Index_1894_Front.png,Index_1894_Top.png,30,29,1.1,1.8,4.5,0.9,1.2,2.2,10,0.8,3.4,2.0,1.8,1.0,0,-80,1.1,0.1,5,0.02,0.1,0.0,0.0,81.447,87.65429999999999,94.4444,77.158981,40.577517
1914,Index_1914_Parallel.png,Index_1914_Back.png,Index_1914_Front.png,Index_1914_Top.png,70,47,1.63,2.6,7.3,0.4,0.0,0.6,15,1.2,3.4,0.9,0.0,2.8,0,-50,1.9,0.0,4,0.8,0.8,0.1,0.7,82.99,100.0,91.358,73.705556,34.919261
1926,Index_1926_Parallel.png,Index_1926_Back.png,Index_1926_Front.png,Index_1926_Top.png,50,49,0.96,2.3,5.9,0.7,0.6,1.4,10,0.8,3.4,2.0,1.0,1.8,0,-80,1.6,0.7,7,0.02,0.1,0.0,0.0,83.059,100.0,88.27159999999999,72.769105,42.834352
1927,Index_1927_Parallel.png,Index_1927_Back.png,Index_1927_Front.png,Index_1927_Top.png,30,29,1.98,2.0,4.0,1.0,0.8,3.1,10,0.6,4.5,2.0,1.2,0.5,0,-80,1.9,0.3,3,0.02,0.1,0.0,0.0,82.236,89.81479999999999,93.5185,77.591235,39.40522
1940,Index_1940_Parallel.png,Index_1940_Back.png,Index_1940_Front.png,Index_1940_Top.png,30,29,0.95,1.4,5.8,1.0,0.9,1.2,10,0.7,3.9,2.0,1.0,1.3,0,-60,1.6,0.2,7,0.02,0.8,0.0,0.0,81.104,57.0988,100.0,79.041327,20.815551
1949,Index_1949_Parallel.png,Index_1949_Back.png,Index_1949_Front.png,Index_1949_Top.png,60,53,3.1,2.3,7.0,0.7,0.7,0.2,25,1.1,6.1,1.0,0.1,0.0,0,-60,1.6,0.3,3,0.4,0.6,0.25,0.15,83.882,100.0,79.6296,61.950833,36.88741
1954,Index_1954_Parallel.png,Index_1954_Back.png,Index_1954_Front.png,Index_1954_Top.png,35,30,3.7,2.2,4.3,0.8,2.1,1.5,10,0.8,3.4,2.0,1.3,1.5,0,-80,1.4,0.0,2,0.6,0.1,0.5,0.1,82.442,88.8889,93.5185,76.859012,40.300617
1961,Index_1961_Parallel.png,Index_1961_Back.png,Index_1961_Front.png,Index_1961_Top.png,35,31,1.47,1.9,5.0,0.8,0.4,2.5,35,1.6,5.9,0.8,0.0,0.3,0,-60,1.8,0.3,4,0.2,0.5,0.1,0.05,82.99,100.0,84.8765,69.294753,30.055589
1992,Index_1992_Parallel.png,Index_1992_Back.png,Index_1992_Front.png,Index_1992_Top.png,70,57,0.89,2.5,7.6,0.5,0.1,0.2,10,0.8,3.4,2.0,0.0,2.8,0,-70,2.0,0.1,8,0.2,0.6,0.0,0.1,82.373,99.6914,92.284,75.73821,27.91129
